{
    "epoch": 2.0,
    "eval_accuracy": 0.9765625,
    "eval_loss": 0.07233279198408127,
    "eval_runtime": 22.5786,
    "eval_samples_per_second": 5.669,
    "eval_steps_per_second": 0.709,
    "train_loss": 0.20517281752366287,
    "train_runtime": 1211.2966,
    "train_samples_per_second": 1.707,
    "train_steps_per_second": 0.215
}