{
    "epoch": 2.0,
    "eval_accuracy": 0.7884057971014493,
    "eval_loss": 0.7235097289085388,
    "eval_runtime": 63.3917,
    "eval_samples_per_second": 27.212,
    "eval_steps_per_second": 3.407,
    "train_loss": 0.4581408864272706,
    "train_runtime": 1012.9986,
    "train_samples_per_second": 7.242,
    "train_steps_per_second": 0.906
}