{
    "epoch": 2.0,
    "eval_accuracy": 0.7884057971014493,
    "eval_loss": 0.7235097289085388,
    "eval_runtime": 63.3917,
    "eval_samples_per_second": 27.212,
    "eval_steps_per_second": 3.407
}